#chr	start	end	name	scale	lnlratio	pval
chr2L	11110411	11114209	regul_3.7kb	0.42488	4403.03878	0.00000
