#chr	start	end	name	scale	lnlratio	pval
chr2L	11110435	11114182	regul_3.7kb	0.38515	962.25276	0.00000
