#chr	start	end	name	scale	lnlratio	pval
chr2L	11110921	11112492	regul_3.7kb	0.79373	20.69266	0.00000
