#chr	start	end	name	scale	lnlratio	pval
chr2L	11113061	11114013	regul_3.7kb	0.60344	374.63072	0.00000
