#chr	start	end	name	scale	lnlratio	pval
chr2L	11110411	11114209	regul_3.7kb	0.34357	3476.46870	0.00000
